split,n,code_switched,has_english,has_chinese,has_other_foreign,avg_english_ratio,code_switched_pct,has_english_pct,has_chinese_pct,has_other_foreign_pct
test,2067,211,211,0,0,0.010747414154323644,10.208030962747944,10.208030962747944,0.0,0.0
train,16531,1496,1485,6,5,0.00962509347412261,9.049664267134474,8.983122618111427,0.03629544492166233,0.030246204101385277
val,2066,203,198,3,2,0.010850479336873348,9.825750242013553,9.583736689254598,0.14520813165537272,0.0968054211035818
