split,n,code_switched,has_english,has_teencode,has_emoji,avg_english_ratio,avg_teencode_ratio,code_switched_pct,has_english_pct,has_teencode_pct,has_emoji_pct
test,2067,1011,194,901,529,0.0098039140006747,0.04983859066363013,48.91146589259797,9.385582970488631,43.58974358974359,25.592646347363328
train,16531,7829,1373,7047,4061,0.00862168244405337,0.05043239594433513,47.35950638194907,8.305607646240396,42.62900006049241,24.56596697114512
val,2066,1019,187,907,500,0.009996453218932442,0.04981189414647909,49.322362052274926,9.051306873184899,43.901258470474346,24.20135527589545
